{
  "Total" : {
    "transaction" : "Total",
    "sampleCount" : 50,
    "errorCount" : 0,
    "errorPct" : 0.0,
    "meanResTime" : 2.7600000000000002,
    "medianResTime" : 2.0,
    "minResTime" : 1.0,
    "maxResTime" : 31.0,
    "pct1ResTime" : 3.0,
    "pct2ResTime" : 3.4499999999999957,
    "pct3ResTime" : 31.0,
    "throughput" : 66.57789613848203,
    "receivedKBytesPerSec" : 25.161763482023968,
    "sentKBytesPerSec" : 19.115138149134488
  },
  "HTTP Request" : {
    "transaction" : "HTTP Request",
    "sampleCount" : 50,
    "errorCount" : 0,
    "errorPct" : 0.0,
    "meanResTime" : 2.7600000000000002,
    "medianResTime" : 2.0,
    "minResTime" : 1.0,
    "maxResTime" : 31.0,
    "pct1ResTime" : 3.0,
    "pct2ResTime" : 3.4499999999999957,
    "pct3ResTime" : 31.0,
    "throughput" : 66.57789613848203,
    "receivedKBytesPerSec" : 25.161763482023968,
    "sentKBytesPerSec" : 19.115138149134488
  }
}