{
  "Total" : {
    "transaction" : "Total",
    "sampleCount" : 10,
    "errorCount" : 0,
    "errorPct" : 0.0,
    "meanResTime" : 216.3,
    "medianResTime" : 13.0,
    "minResTime" : 10.0,
    "maxResTime" : 2046.0,
    "pct1ResTime" : 1843.1000000000008,
    "pct2ResTime" : 2046.0,
    "pct3ResTime" : 2046.0,
    "throughput" : 4.606172270842929,
    "receivedKBytesPerSec" : 2.6224594081068635,
    "sentKBytesPerSec" : 2.1771361123906035
  },
  "HTTP Request" : {
    "transaction" : "HTTP Request",
    "sampleCount" : 10,
    "errorCount" : 0,
    "errorPct" : 0.0,
    "meanResTime" : 216.3,
    "medianResTime" : 13.0,
    "minResTime" : 10.0,
    "maxResTime" : 2046.0,
    "pct1ResTime" : 1843.1000000000008,
    "pct2ResTime" : 2046.0,
    "pct3ResTime" : 2046.0,
    "throughput" : 4.606172270842929,
    "receivedKBytesPerSec" : 2.6224594081068635,
    "sentKBytesPerSec" : 2.1771361123906035
  }
}