{
  "Total" : {
    "transaction" : "Total",
    "sampleCount" : 50,
    "errorCount" : 0,
    "errorPct" : 0.0,
    "meanResTime" : 36.980000000000004,
    "medianResTime" : 31.0,
    "minResTime" : 15.0,
    "maxResTime" : 192.0,
    "pct1ResTime" : 45.0,
    "pct2ResTime" : 129.64999999999992,
    "pct3ResTime" : 192.0,
    "throughput" : 52.083333333333336,
    "receivedKBytesPerSec" : 28.940836588541668,
    "sentKBytesPerSec" : 24.617513020833336
  },
  "HTTP Request" : {
    "transaction" : "HTTP Request",
    "sampleCount" : 50,
    "errorCount" : 0,
    "errorPct" : 0.0,
    "meanResTime" : 36.980000000000004,
    "medianResTime" : 31.0,
    "minResTime" : 15.0,
    "maxResTime" : 192.0,
    "pct1ResTime" : 45.0,
    "pct2ResTime" : 129.64999999999992,
    "pct3ResTime" : 192.0,
    "throughput" : 52.083333333333336,
    "receivedKBytesPerSec" : 28.940836588541668,
    "sentKBytesPerSec" : 24.617513020833336
  }
}