{
  "Total" : {
    "transaction" : "Total",
    "sampleCount" : 100,
    "errorCount" : 0,
    "errorPct" : 0.0,
    "meanResTime" : 2.74,
    "medianResTime" : 2.0,
    "minResTime" : 1.0,
    "maxResTime" : 29.0,
    "pct1ResTime" : 3.0,
    "pct2ResTime" : 3.0,
    "pct3ResTime" : 28.759999999999877,
    "throughput" : 116.41443538998836,
    "receivedKBytesPerSec" : 32.17313009313155,
    "sentKBytesPerSec" : 33.65104772991851
  },
  "HTTP Request" : {
    "transaction" : "HTTP Request",
    "sampleCount" : 100,
    "errorCount" : 0,
    "errorPct" : 0.0,
    "meanResTime" : 2.74,
    "medianResTime" : 2.0,
    "minResTime" : 1.0,
    "maxResTime" : 29.0,
    "pct1ResTime" : 3.0,
    "pct2ResTime" : 3.0,
    "pct3ResTime" : 28.759999999999877,
    "throughput" : 116.41443538998836,
    "receivedKBytesPerSec" : 32.17313009313155,
    "sentKBytesPerSec" : 33.65104772991851
  }
}