{
  "Total" : {
    "transaction" : "Total",
    "sampleCount" : 50,
    "errorCount" : 0,
    "errorPct" : 0.0,
    "meanResTime" : 4.079999999999998,
    "medianResTime" : 3.0,
    "minResTime" : 2.0,
    "maxResTime" : 41.0,
    "pct1ResTime" : 5.0,
    "pct2ResTime" : 5.449999999999996,
    "pct3ResTime" : 41.0,
    "throughput" : 66.75567423230974,
    "receivedKBytesPerSec" : 25.359333277703605,
    "sentKBytesPerSec" : 18.449077937249665
  },
  "HTTP Request" : {
    "transaction" : "HTTP Request",
    "sampleCount" : 50,
    "errorCount" : 0,
    "errorPct" : 0.0,
    "meanResTime" : 4.079999999999998,
    "medianResTime" : 3.0,
    "minResTime" : 2.0,
    "maxResTime" : 41.0,
    "pct1ResTime" : 5.0,
    "pct2ResTime" : 5.449999999999996,
    "pct3ResTime" : 41.0,
    "throughput" : 66.75567423230974,
    "receivedKBytesPerSec" : 25.359333277703605,
    "sentKBytesPerSec" : 18.449077937249665
  }
}