{
  "Total" : {
    "transaction" : "Total",
    "sampleCount" : 150,
    "errorCount" : 90,
    "errorPct" : 60.0,
    "meanResTime" : 70.32666666666664,
    "medianResTime" : 36.0,
    "minResTime" : 3.0,
    "maxResTime" : 2512.0,
    "pct1ResTime" : 145.30000000000004,
    "pct2ResTime" : 176.89999999999998,
    "pct3ResTime" : 1349.7100000000207,
    "throughput" : 54.034582132564836,
    "receivedKBytesPerSec" : 29.167065359329975,
    "sentKBytesPerSec" : 25.539782961095103
  },
  "HTTP Request" : {
    "transaction" : "HTTP Request",
    "sampleCount" : 150,
    "errorCount" : 90,
    "errorPct" : 60.0,
    "meanResTime" : 70.32666666666664,
    "medianResTime" : 36.0,
    "minResTime" : 3.0,
    "maxResTime" : 2512.0,
    "pct1ResTime" : 145.30000000000004,
    "pct2ResTime" : 176.89999999999998,
    "pct3ResTime" : 1349.7100000000207,
    "throughput" : 54.034582132564836,
    "receivedKBytesPerSec" : 29.167065359329975,
    "sentKBytesPerSec" : 25.539782961095103
  }
}