{
  "Total" : {
    "transaction" : "Total",
    "sampleCount" : 200,
    "errorCount" : 139,
    "errorPct" : 69.5,
    "meanResTime" : 66.66500000000002,
    "medianResTime" : 43.5,
    "minResTime" : 3.0,
    "maxResTime" : 263.0,
    "pct1ResTime" : 179.0,
    "pct2ResTime" : 195.95,
    "pct3ResTime" : 260.7900000000002,
    "throughput" : 177.3049645390071,
    "receivedKBytesPerSec" : 94.15603529476951,
    "sentKBytesPerSec" : 83.80429964539007
  },
  "HTTP Request" : {
    "transaction" : "HTTP Request",
    "sampleCount" : 200,
    "errorCount" : 139,
    "errorPct" : 69.5,
    "meanResTime" : 66.66500000000002,
    "medianResTime" : 43.5,
    "minResTime" : 3.0,
    "maxResTime" : 263.0,
    "pct1ResTime" : 179.0,
    "pct2ResTime" : 195.95,
    "pct3ResTime" : 260.7900000000002,
    "throughput" : 177.3049645390071,
    "receivedKBytesPerSec" : 94.15603529476951,
    "sentKBytesPerSec" : 83.80429964539007
  }
}