{
  "Total" : {
    "transaction" : "Total",
    "sampleCount" : 150,
    "errorCount" : 0,
    "errorPct" : 0.0,
    "meanResTime" : 2.7799999999999985,
    "medianResTime" : 2.0,
    "minResTime" : 1.0,
    "maxResTime" : 32.0,
    "pct1ResTime" : 3.0,
    "pct2ResTime" : 4.0,
    "pct3ResTime" : 32.0,
    "throughput" : 169.68325791855204,
    "receivedKBytesPerSec" : 81.36179652149322,
    "sentKBytesPerSec" : 48.717654128959275
  },
  "HTTP Request" : {
    "transaction" : "HTTP Request",
    "sampleCount" : 150,
    "errorCount" : 0,
    "errorPct" : 0.0,
    "meanResTime" : 2.7799999999999985,
    "medianResTime" : 2.0,
    "minResTime" : 1.0,
    "maxResTime" : 32.0,
    "pct1ResTime" : 3.0,
    "pct2ResTime" : 4.0,
    "pct3ResTime" : 32.0,
    "throughput" : 169.68325791855204,
    "receivedKBytesPerSec" : 81.36179652149322,
    "sentKBytesPerSec" : 48.717654128959275
  }
}