{
  "Total" : {
    "transaction" : "Total",
    "sampleCount" : 200,
    "errorCount" : 138,
    "errorPct" : 69.0,
    "meanResTime" : 54.364999999999995,
    "medianResTime" : 31.5,
    "minResTime" : 3.0,
    "maxResTime" : 346.0,
    "pct1ResTime" : 127.0,
    "pct2ResTime" : 151.0,
    "pct3ResTime" : 345.7900000000002,
    "throughput" : 197.82393669634027,
    "receivedKBytesPerSec" : 105.92563829129575,
    "sentKBytesPerSec" : 93.50272007912959
  },
  "HTTP Request" : {
    "transaction" : "HTTP Request",
    "sampleCount" : 200,
    "errorCount" : 138,
    "errorPct" : 69.0,
    "meanResTime" : 54.364999999999995,
    "medianResTime" : 31.5,
    "minResTime" : 3.0,
    "maxResTime" : 346.0,
    "pct1ResTime" : 127.0,
    "pct2ResTime" : 151.0,
    "pct3ResTime" : 345.7900000000002,
    "throughput" : 197.82393669634027,
    "receivedKBytesPerSec" : 105.92563829129575,
    "sentKBytesPerSec" : 93.50272007912959
  }
}