{
  "Total" : {
    "transaction" : "Total",
    "sampleCount" : 10,
    "errorCount" : 0,
    "errorPct" : 0.0,
    "meanResTime" : 6.5,
    "medianResTime" : 3.0,
    "minResTime" : 3.0,
    "maxResTime" : 33.0,
    "pct1ResTime" : 30.30000000000001,
    "pct2ResTime" : 33.0,
    "pct3ResTime" : 33.0,
    "throughput" : 147.05882352941177,
    "receivedKBytesPerSec" : 55.865119485294116,
    "sentKBytesPerSec" : 40.64223345588235
  },
  "HTTP Request" : {
    "transaction" : "HTTP Request",
    "sampleCount" : 10,
    "errorCount" : 0,
    "errorPct" : 0.0,
    "meanResTime" : 6.5,
    "medianResTime" : 3.0,
    "minResTime" : 3.0,
    "maxResTime" : 33.0,
    "pct1ResTime" : 30.30000000000001,
    "pct2ResTime" : 33.0,
    "pct3ResTime" : 33.0,
    "throughput" : 147.05882352941177,
    "receivedKBytesPerSec" : 55.865119485294116,
    "sentKBytesPerSec" : 40.64223345588235
  }
}