{
  "Total" : {
    "transaction" : "Total",
    "sampleCount" : 100,
    "errorCount" : 40,
    "errorPct" : 40.0,
    "meanResTime" : 595.7399999999998,
    "medianResTime" : 375.5,
    "minResTime" : 47.0,
    "maxResTime" : 3922.0,
    "pct1ResTime" : 2172.8000000000093,
    "pct2ResTime" : 3178.6999999999994,
    "pct3ResTime" : 3918.2999999999984,
    "throughput" : 15.386982612709648,
    "receivedKBytesPerSec" : 8.327753548622866,
    "sentKBytesPerSec" : 7.302806200953993
  },
  "HTTP Request" : {
    "transaction" : "HTTP Request",
    "sampleCount" : 100,
    "errorCount" : 40,
    "errorPct" : 40.0,
    "meanResTime" : 595.7399999999998,
    "medianResTime" : 375.5,
    "minResTime" : 47.0,
    "maxResTime" : 3922.0,
    "pct1ResTime" : 2172.8000000000093,
    "pct2ResTime" : 3178.6999999999994,
    "pct3ResTime" : 3918.2999999999984,
    "throughput" : 15.386982612709648,
    "receivedKBytesPerSec" : 8.327753548622866,
    "sentKBytesPerSec" : 7.302806200953993
  }
}