{
  "Total" : {
    "transaction" : "Total",
    "sampleCount" : 200,
    "errorCount" : 0,
    "errorPct" : 0.0,
    "meanResTime" : 3.015,
    "medianResTime" : 2.0,
    "minResTime" : 1.0,
    "maxResTime" : 55.0,
    "pct1ResTime" : 3.0,
    "pct2ResTime" : 3.0,
    "pct3ResTime" : 54.720000000000255,
    "throughput" : 221.72949002217297,
    "receivedKBytesPerSec" : 106.31755820399113,
    "sentKBytesPerSec" : 63.66061529933481
  },
  "HTTP Request" : {
    "transaction" : "HTTP Request",
    "sampleCount" : 200,
    "errorCount" : 0,
    "errorPct" : 0.0,
    "meanResTime" : 3.015,
    "medianResTime" : 2.0,
    "minResTime" : 1.0,
    "maxResTime" : 55.0,
    "pct1ResTime" : 3.0,
    "pct2ResTime" : 3.0,
    "pct3ResTime" : 54.720000000000255,
    "throughput" : 221.72949002217297,
    "receivedKBytesPerSec" : 106.31755820399113,
    "sentKBytesPerSec" : 63.66061529933481
  }
}