{
  "Total" : {
    "transaction" : "Total",
    "sampleCount" : 100,
    "errorCount" : 0,
    "errorPct" : 0.0,
    "meanResTime" : 2.540000000000001,
    "medianResTime" : 2.0,
    "minResTime" : 1.0,
    "maxResTime" : 33.0,
    "pct1ResTime" : 3.0,
    "pct2ResTime" : 3.0,
    "pct3ResTime" : 32.75999999999988,
    "throughput" : 118.48341232227489,
    "receivedKBytesPerSec" : 44.778398992891,
    "sentKBytesPerSec" : 34.01769845971564
  },
  "HTTP Request" : {
    "transaction" : "HTTP Request",
    "sampleCount" : 100,
    "errorCount" : 0,
    "errorPct" : 0.0,
    "meanResTime" : 2.540000000000001,
    "medianResTime" : 2.0,
    "minResTime" : 1.0,
    "maxResTime" : 33.0,
    "pct1ResTime" : 3.0,
    "pct2ResTime" : 3.0,
    "pct3ResTime" : 32.75999999999988,
    "throughput" : 118.48341232227489,
    "receivedKBytesPerSec" : 44.778398992891,
    "sentKBytesPerSec" : 34.01769845971564
  }
}