{
  "Total" : {
    "transaction" : "Total",
    "sampleCount" : 150,
    "errorCount" : 0,
    "errorPct" : 0.0,
    "meanResTime" : 2.5066666666666673,
    "medianResTime" : 2.0,
    "minResTime" : 1.0,
    "maxResTime" : 35.0,
    "pct1ResTime" : 3.0,
    "pct2ResTime" : 3.0,
    "pct3ResTime" : 35.0,
    "throughput" : 169.10935738444195,
    "receivedKBytesPerSec" : 63.91144658962796,
    "sentKBytesPerSec" : 48.55288190529876
  },
  "HTTP Request" : {
    "transaction" : "HTTP Request",
    "sampleCount" : 150,
    "errorCount" : 0,
    "errorPct" : 0.0,
    "meanResTime" : 2.5066666666666673,
    "medianResTime" : 2.0,
    "minResTime" : 1.0,
    "maxResTime" : 35.0,
    "pct1ResTime" : 3.0,
    "pct2ResTime" : 3.0,
    "pct3ResTime" : 35.0,
    "throughput" : 169.10935738444195,
    "receivedKBytesPerSec" : 63.91144658962796,
    "sentKBytesPerSec" : 48.55288190529876
  }
}