{
  "Total" : {
    "transaction" : "Total",
    "sampleCount" : 10,
    "errorCount" : 0,
    "errorPct" : 0.0,
    "meanResTime" : 55.70000000000001,
    "medianResTime" : 2.0,
    "minResTime" : 2.0,
    "maxResTime" : 537.0,
    "pct1ResTime" : 483.6000000000002,
    "pct2ResTime" : 537.0,
    "pct3ResTime" : 537.0,
    "throughput" : 17.761989342806395,
    "receivedKBytesPerSec" : 6.712783081705152,
    "sentKBytesPerSec" : 5.099633658969805
  },
  "HTTP Request" : {
    "transaction" : "HTTP Request",
    "sampleCount" : 10,
    "errorCount" : 0,
    "errorPct" : 0.0,
    "meanResTime" : 55.70000000000001,
    "medianResTime" : 2.0,
    "minResTime" : 2.0,
    "maxResTime" : 537.0,
    "pct1ResTime" : 483.6000000000002,
    "pct2ResTime" : 537.0,
    "pct3ResTime" : 537.0,
    "throughput" : 17.761989342806395,
    "receivedKBytesPerSec" : 6.712783081705152,
    "sentKBytesPerSec" : 5.099633658969805
  }
}