{
  "Total" : {
    "transaction" : "Total",
    "sampleCount" : 150,
    "errorCount" : 90,
    "errorPct" : 60.0,
    "meanResTime" : 239.8733333333333,
    "medianResTime" : 182.0,
    "minResTime" : 16.0,
    "maxResTime" : 561.0,
    "pct1ResTime" : 465.8,
    "pct2ResTime" : 489.5999999999999,
    "pct3ResTime" : 557.4300000000001,
    "throughput" : 51.247010591048856,
    "receivedKBytesPerSec" : 27.38211853006491,
    "sentKBytesPerSec" : 24.32231166723608
  },
  "HTTP Request" : {
    "transaction" : "HTTP Request",
    "sampleCount" : 150,
    "errorCount" : 90,
    "errorPct" : 60.0,
    "meanResTime" : 239.8733333333333,
    "medianResTime" : 182.0,
    "minResTime" : 16.0,
    "maxResTime" : 561.0,
    "pct1ResTime" : 465.8,
    "pct2ResTime" : 489.5999999999999,
    "pct3ResTime" : 557.4300000000001,
    "throughput" : 51.247010591048856,
    "receivedKBytesPerSec" : 27.38211853006491,
    "sentKBytesPerSec" : 24.32231166723608
  }
}