{
  "Total" : {
    "transaction" : "Total",
    "sampleCount" : 10,
    "errorCount" : 0,
    "errorPct" : 0.0,
    "meanResTime" : 2563.2000000000007,
    "medianResTime" : 41.0,
    "minResTime" : 30.0,
    "maxResTime" : 25288.0,
    "pct1ResTime" : 22763.700000000008,
    "pct2ResTime" : 25288.0,
    "pct3ResTime" : 25288.0,
    "throughput" : 0.3899851805631386,
    "receivedKBytesPerSec" : 0.21670074974650963,
    "sentKBytesPerSec" : 0.18509062280633337
  },
  "HTTP Request" : {
    "transaction" : "HTTP Request",
    "sampleCount" : 10,
    "errorCount" : 0,
    "errorPct" : 0.0,
    "meanResTime" : 2563.2000000000007,
    "medianResTime" : 41.0,
    "minResTime" : 30.0,
    "maxResTime" : 25288.0,
    "pct1ResTime" : 22763.700000000008,
    "pct2ResTime" : 25288.0,
    "pct3ResTime" : 25288.0,
    "throughput" : 0.3899851805631386,
    "receivedKBytesPerSec" : 0.21670074974650963,
    "sentKBytesPerSec" : 0.18509062280633337
  }
}