{
  "Total" : {
    "transaction" : "Total",
    "sampleCount" : 10,
    "errorCount" : 0,
    "errorPct" : 0.0,
    "meanResTime" : 60.3,
    "medianResTime" : 2.0,
    "minResTime" : 2.0,
    "maxResTime" : 583.0,
    "pct1ResTime" : 525.0000000000002,
    "pct2ResTime" : 583.0,
    "pct3ResTime" : 583.0,
    "throughput" : 16.420361247947454,
    "receivedKBytesPerSec" : 4.538049055829228,
    "sentKBytesPerSec" : 4.746510673234812
  },
  "HTTP Request" : {
    "transaction" : "HTTP Request",
    "sampleCount" : 10,
    "errorCount" : 0,
    "errorPct" : 0.0,
    "meanResTime" : 60.3,
    "medianResTime" : 2.0,
    "minResTime" : 2.0,
    "maxResTime" : 583.0,
    "pct1ResTime" : 525.0000000000002,
    "pct2ResTime" : 583.0,
    "pct3ResTime" : 583.0,
    "throughput" : 16.420361247947454,
    "receivedKBytesPerSec" : 4.538049055829228,
    "sentKBytesPerSec" : 4.746510673234812
  }
}