{
  "Total" : {
    "transaction" : "Total",
    "sampleCount" : 100,
    "errorCount" : 0,
    "errorPct" : 0.0,
    "meanResTime" : 2.6200000000000006,
    "medianResTime" : 2.0,
    "minResTime" : 1.0,
    "maxResTime" : 31.0,
    "pct1ResTime" : 3.0,
    "pct2ResTime" : 3.0,
    "pct3ResTime" : 30.729999999999862,
    "throughput" : 117.23329425556858,
    "receivedKBytesPerSec" : 56.21244871043376,
    "sentKBytesPerSec" : 33.658777842907384
  },
  "HTTP Request" : {
    "transaction" : "HTTP Request",
    "sampleCount" : 100,
    "errorCount" : 0,
    "errorPct" : 0.0,
    "meanResTime" : 2.6200000000000006,
    "medianResTime" : 2.0,
    "minResTime" : 1.0,
    "maxResTime" : 31.0,
    "pct1ResTime" : 3.0,
    "pct2ResTime" : 3.0,
    "pct3ResTime" : 30.729999999999862,
    "throughput" : 117.23329425556858,
    "receivedKBytesPerSec" : 56.21244871043376,
    "sentKBytesPerSec" : 33.658777842907384
  }
}