{
  "Total" : {
    "transaction" : "Total",
    "sampleCount" : 150,
    "errorCount" : 0,
    "errorPct" : 0.0,
    "meanResTime" : 3.5133333333333345,
    "medianResTime" : 3.0,
    "minResTime" : 2.0,
    "maxResTime" : 27.0,
    "pct1ResTime" : 4.0,
    "pct2ResTime" : 4.449999999999989,
    "pct3ResTime" : 25.470000000000027,
    "throughput" : 165.74585635359117,
    "receivedKBytesPerSec" : 67.65797651933701,
    "sentKBytesPerSec" : 45.482993784530386
  },
  "HTTP Request" : {
    "transaction" : "HTTP Request",
    "sampleCount" : 150,
    "errorCount" : 0,
    "errorPct" : 0.0,
    "meanResTime" : 3.5133333333333345,
    "medianResTime" : 3.0,
    "minResTime" : 2.0,
    "maxResTime" : 27.0,
    "pct1ResTime" : 4.0,
    "pct2ResTime" : 4.449999999999989,
    "pct3ResTime" : 25.470000000000027,
    "throughput" : 165.74585635359117,
    "receivedKBytesPerSec" : 67.65797651933701,
    "sentKBytesPerSec" : 45.482993784530386
  }
}