{
  "Total" : {
    "transaction" : "Total",
    "sampleCount" : 100,
    "errorCount" : 0,
    "errorPct" : 0.0,
    "meanResTime" : 40.57,
    "medianResTime" : 43.0,
    "minResTime" : 3.0,
    "maxResTime" : 46.0,
    "pct1ResTime" : 44.0,
    "pct2ResTime" : 44.94999999999999,
    "pct3ResTime" : 45.989999999999995,
    "throughput" : 81.03727714748784,
    "receivedKBytesPerSec" : 31.101220623987036,
    "sentKBytesPerSec" : 22.237768435980552
  },
  "HTTP Request" : {
    "transaction" : "HTTP Request",
    "sampleCount" : 100,
    "errorCount" : 0,
    "errorPct" : 0.0,
    "meanResTime" : 40.57,
    "medianResTime" : 43.0,
    "minResTime" : 3.0,
    "maxResTime" : 46.0,
    "pct1ResTime" : 44.0,
    "pct2ResTime" : 44.94999999999999,
    "pct3ResTime" : 45.989999999999995,
    "throughput" : 81.03727714748784,
    "receivedKBytesPerSec" : 31.101220623987036,
    "sentKBytesPerSec" : 22.237768435980552
  }
}