{
  "Total" : {
    "transaction" : "Total",
    "sampleCount" : 50,
    "errorCount" : 0,
    "errorPct" : 0.0,
    "meanResTime" : 2.88,
    "medianResTime" : 2.0,
    "minResTime" : 1.0,
    "maxResTime" : 30.0,
    "pct1ResTime" : 3.0,
    "pct2ResTime" : 3.4499999999999957,
    "pct3ResTime" : 30.0,
    "throughput" : 67.20430107526882,
    "receivedKBytesPerSec" : 32.22393733198925,
    "sentKBytesPerSec" : 19.29498487903226
  },
  "HTTP Request" : {
    "transaction" : "HTTP Request",
    "sampleCount" : 50,
    "errorCount" : 0,
    "errorPct" : 0.0,
    "meanResTime" : 2.88,
    "medianResTime" : 2.0,
    "minResTime" : 1.0,
    "maxResTime" : 30.0,
    "pct1ResTime" : 3.0,
    "pct2ResTime" : 3.4499999999999957,
    "pct3ResTime" : 30.0,
    "throughput" : 67.20430107526882,
    "receivedKBytesPerSec" : 32.22393733198925,
    "sentKBytesPerSec" : 19.29498487903226
  }
}