{
  "Total" : {
    "transaction" : "Total",
    "sampleCount" : 10,
    "errorCount" : 0,
    "errorPct" : 0.0,
    "meanResTime" : 64.0,
    "medianResTime" : 45.0,
    "minResTime" : 45.0,
    "maxResTime" : 233.0,
    "pct1ResTime" : 214.30000000000007,
    "pct2ResTime" : 233.0,
    "pct3ResTime" : 233.0,
    "throughput" : 15.600624024960998,
    "receivedKBytesPerSec" : 5.987348868954758,
    "sentKBytesPerSec" : 4.2810306162246485
  },
  "HTTP Request" : {
    "transaction" : "HTTP Request",
    "sampleCount" : 10,
    "errorCount" : 0,
    "errorPct" : 0.0,
    "meanResTime" : 64.0,
    "medianResTime" : 45.0,
    "minResTime" : 45.0,
    "maxResTime" : 233.0,
    "pct1ResTime" : 214.30000000000007,
    "pct2ResTime" : 233.0,
    "pct3ResTime" : 233.0,
    "throughput" : 15.600624024960998,
    "receivedKBytesPerSec" : 5.987348868954758,
    "sentKBytesPerSec" : 4.2810306162246485
  }
}