{
  "Total" : {
    "transaction" : "Total",
    "sampleCount" : 10,
    "errorCount" : 0,
    "errorPct" : 0.0,
    "meanResTime" : 19.1,
    "medianResTime" : 3.0,
    "minResTime" : 2.0,
    "maxResTime" : 147.0,
    "pct1ResTime" : 134.70000000000005,
    "pct2ResTime" : 147.0,
    "pct3ResTime" : 147.0,
    "throughput" : 51.81347150259067,
    "receivedKBytesPerSec" : 24.849214702072537,
    "sentKBytesPerSec" : 14.876133419689118
  },
  "HTTP Request" : {
    "transaction" : "HTTP Request",
    "sampleCount" : 10,
    "errorCount" : 0,
    "errorPct" : 0.0,
    "meanResTime" : 19.1,
    "medianResTime" : 3.0,
    "minResTime" : 2.0,
    "maxResTime" : 147.0,
    "pct1ResTime" : 134.70000000000005,
    "pct2ResTime" : 147.0,
    "pct3ResTime" : 147.0,
    "throughput" : 51.81347150259067,
    "receivedKBytesPerSec" : 24.849214702072537,
    "sentKBytesPerSec" : 14.876133419689118
  }
}