{
  "Total" : {
    "transaction" : "Total",
    "sampleCount" : 50,
    "errorCount" : 0,
    "errorPct" : 0.0,
    "meanResTime" : 465.44000000000017,
    "medianResTime" : 256.5,
    "minResTime" : 75.0,
    "maxResTime" : 2600.0,
    "pct1ResTime" : 2016.4999999999975,
    "pct2ResTime" : 2517.3499999999995,
    "pct3ResTime" : 2600.0,
    "throughput" : 9.323140033563304,
    "receivedKBytesPerSec" : 5.180533866306171,
    "sentKBytesPerSec" : 4.424849664366959
  },
  "HTTP Request" : {
    "transaction" : "HTTP Request",
    "sampleCount" : 50,
    "errorCount" : 0,
    "errorPct" : 0.0,
    "meanResTime" : 465.44000000000017,
    "medianResTime" : 256.5,
    "minResTime" : 75.0,
    "maxResTime" : 2600.0,
    "pct1ResTime" : 2016.4999999999975,
    "pct2ResTime" : 2517.3499999999995,
    "pct3ResTime" : 2600.0,
    "throughput" : 9.323140033563304,
    "receivedKBytesPerSec" : 5.180533866306171,
    "sentKBytesPerSec" : 4.424849664366959
  }
}