{
  "Total" : {
    "transaction" : "Total",
    "sampleCount" : 50,
    "errorCount" : 0,
    "errorPct" : 0.0,
    "meanResTime" : 46.679999999999986,
    "medianResTime" : 11.5,
    "minResTime" : 9.0,
    "maxResTime" : 1659.0,
    "pct1ResTime" : 20.799999999999997,
    "pct2ResTime" : 45.79999999999981,
    "pct3ResTime" : 1659.0,
    "throughput" : 28.506271379703534,
    "receivedKBytesPerSec" : 16.22964474059293,
    "sentKBytesPerSec" : 13.473667331813
  },
  "HTTP Request" : {
    "transaction" : "HTTP Request",
    "sampleCount" : 50,
    "errorCount" : 0,
    "errorPct" : 0.0,
    "meanResTime" : 46.679999999999986,
    "medianResTime" : 11.5,
    "minResTime" : 9.0,
    "maxResTime" : 1659.0,
    "pct1ResTime" : 20.799999999999997,
    "pct2ResTime" : 45.79999999999981,
    "pct3ResTime" : 1659.0,
    "throughput" : 28.506271379703534,
    "receivedKBytesPerSec" : 16.22964474059293,
    "sentKBytesPerSec" : 13.473667331813
  }
}