{
  "Total" : {
    "transaction" : "Total",
    "sampleCount" : 10,
    "errorCount" : 0,
    "errorPct" : 0.0,
    "meanResTime" : 48.50000000000001,
    "medianResTime" : 21.0,
    "minResTime" : 13.0,
    "maxResTime" : 306.0,
    "pct1ResTime" : 278.0000000000001,
    "pct2ResTime" : 306.0,
    "pct3ResTime" : 306.0,
    "throughput" : 20.202020202020204,
    "receivedKBytesPerSec" : 11.225536616161616,
    "sentKBytesPerSec" : 9.54861111111111
  },
  "HTTP Request" : {
    "transaction" : "HTTP Request",
    "sampleCount" : 10,
    "errorCount" : 0,
    "errorPct" : 0.0,
    "meanResTime" : 48.50000000000001,
    "medianResTime" : 21.0,
    "minResTime" : 13.0,
    "maxResTime" : 306.0,
    "pct1ResTime" : 278.0000000000001,
    "pct2ResTime" : 306.0,
    "pct3ResTime" : 306.0,
    "throughput" : 20.202020202020204,
    "receivedKBytesPerSec" : 11.225536616161616,
    "sentKBytesPerSec" : 9.54861111111111
  }
}